{
  "parent": "minecraft:item/handheld",
  "textures": {
    "layer0": "minecraft:item/diamond_pickaxe"
  },
  "overrides": [
    {
      "predicate": {
        "custom_model_data": 10000
      },
      "model": "itemsadder:auto_generated/astral_pickaxe"
    },
    {
      "predicate": {
        "custom_model_data": 10001
      },
      "model": "itemsadder:auto_generated/diamond_hammer"
    },
    {
      "predicate": {
        "custom_model_data": 10002
      },
      "model": "itemsadder:auto_generated/demoniac_pickaxe"
    },
    {
      "predicate": {
        "custom_model_data": 10003
      },
      "model": "itemsadder:auto_generated/ruby_pickaxe"
    },
    {
      "predicate": {
        "custom_model_data": 10004
      },
      "model": "itemsadder:auto_generated/spinel_pickaxe"
    },
    {
      "predicate": {
        "custom_model_data": 10005
      },
      "model": "itemsadder:auto_generated/turquoise_pickaxe"
    },
    {
      "predicate": {
        "custom_model_data": 10006
      },
      "model": "itemsadder:auto_generated/aqua_pickaxe"
    },
    {
      "predicate": {
        "custom_model_data": 10007
      },
      "model": "itemsadder:auto_generated/amethyst_pickaxe"
    },
    {
      "predicate": {
        "custom_model_data": 10008
      },
      "model": "itemsadder:auto_generated/bronze_pickaxe"
    },
    {
      "predicate": {
        "custom_model_data": 10009
      },
      "model": "itemsadder:auto_generated/demoniac_hammer"
    },
    {
      "predicate": {
        "custom_model_data": 10010
      },
      "model": "minecraft:item/diamond_pickaxe"
    }
  ]
}