{
  "parent": "minecraft:item/handheld",
  "textures": {
    "layer0": "minecraft:item/diamond_sword"
  },
  "overrides": [
    {
      "predicate": {
        "custom_model_data": 10000
      },
      "model": "itemsadder:item/closed_lightsaber"
    },
    {
      "predicate": {
        "custom_model_data": 10001
      },
      "model": "itemsadder:item/blue_lightsaber"
    },
    {
      "predicate": {
        "custom_model_data": 10002
      },
      "model": "itemsadder:item/green_lightsaber"
    },
    {
      "predicate": {
        "custom_model_data": 10003
      },
      "model": "itemsadder:item/red_lightsaber"
    },
    {
      "predicate": {
        "custom_model_data": 10004
      },
      "model": "itemsadder:item/masters_sword"
    },
    {
      "predicate": {
        "custom_model_data": 10005
      },
      "model": "itemsadder:item/floating_sword"
    },
    {
      "predicate": {
        "custom_model_data": 10006
      },
      "model": "itemsadder:auto_generated/emerald_sword"
    },
    {
      "predicate": {
        "custom_model_data": 10007
      },
      "model": "itemsadder:auto_generated/elucidator_sword"
    },
    {
      "predicate": {
        "custom_model_data": 10008
      },
      "model": "itemsadder:auto_generated/repulser_sword"
    },
    {
      "predicate": {
        "custom_model_data": 10009
      },
      "model": "itemsadder:item/firesword_sword"
    },
    {
      "predicate": {
        "custom_model_data": 10010
      },
      "model": "itemsadder:auto_generated/aqualight_sword"
    },
    {
      "predicate": {
        "custom_model_data": 10011
      },
      "model": "itemsadder:auto_generated/rusteroth_sword"
    },
    {
      "predicate": {
        "custom_model_data": 10012
      },
      "model": "itemsadder:auto_generated/bloodnite_sword"
    },
    {
      "predicate": {
        "custom_model_data": 10013
      },
      "model": "itemsadder:auto_generated/vyderlight_sword"
    },
    {
      "predicate": {
        "custom_model_data": 10014
      },
      "model": "itemsadder:auto_generated/ruby_sword"
    },
    {
      "predicate": {
        "custom_model_data": 10015
      },
      "model": "itemsadder:auto_generated/spinel_sword"
    },
    {
      "predicate": {
        "custom_model_data": 10016
      },
      "model": "itemsadder:auto_generated/turquoise_sword"
    },
    {
      "predicate": {
        "custom_model_data": 10017
      },
      "model": "itemsadder:auto_generated/aqua_sword"
    },
    {
      "predicate": {
        "custom_model_data": 10018
      },
      "model": "itemsadder:auto_generated/amethyst_sword"
    },
    {
      "predicate": {
        "custom_model_data": 10019
      },
      "model": "itemsadder:auto_generated/mysterious_sword"
    },
    {
      "predicate": {
        "custom_model_data": 10020
      },
      "model": "itemsadder:auto_generated/end_sword"
    },
    {
      "predicate": {
        "custom_model_data": 10021
      },
      "model": "itemsadder:auto_generated/bronze_sword"
    },
    {
      "predicate": {
        "custom_model_data": 10022
      },
      "model": "example:auto_generated/example_item"
    },
    {
      "predicate": {
        "custom_model_data": 10023
      },
      "model": "minecraft:item/diamond_sword"
    }
  ]
}