{
  "parent": "item/generated",
  "textures": {
    "layer0": "item/feather"
  },
  "display": {
    "head": {
      "rotation": [
        0,
        0,
        45
      ],
      "translation": [
        -1,
        13,
        7
      ],
      "scale": [
        1,
        1,
        1
      ]
    }
  },
  "overrides": [
    {
      "predicate": {
        "custom_model_data": 10000
      },
      "model": "itemsadder:item/deadmau5_hat"
    },
    {
      "predicate": {
        "custom_model_data": 10001
      },
      "model": "itemsadder:item/top_hat"
    },
    {
      "predicate": {
        "custom_model_data": 10002
      },
      "model": "itemsadder:item/welding_mask"
    },
    {
      "predicate": {
        "custom_model_data": 10003
      },
      "model": "itemsadder:item/mining_helmet"
    },
    {
      "predicate": {
        "custom_model_data": 10004
      },
      "model": "itemsadder:item/dog_mask"
    },
    {
      "predicate": {
        "custom_model_data": 10005
      },
      "model": "itemsadder:item/ruby_pickaxe_hat"
    },
    {
      "predicate": {
        "custom_model_data": 10006
      },
      "model": "itemsadder:item/straw_hat"
    },
    {
      "predicate": {
        "custom_model_data": 10007
      },
      "model": "itemsadder:item/cool_sunglasses"
    },
    {
      "predicate": {
        "custom_model_data": 10008
      },
      "model": "itemsadder:item/cigar"
    },
    {
      "predicate": {
        "custom_model_data": 10009
      },
      "model": "itemsadder:item/glasses"
    },
    {
      "predicate": {
        "custom_model_data": 10010
      },
      "model": "itemsadder:item/biker_helmet"
    },
    {
      "predicate": {
        "custom_model_data": 10011
      },
      "model": "itemsadder:item/cat_ears"
    },
    {
      "predicate": {
        "custom_model_data": 10012
      },
      "model": "itemsadder:item/mysterious_hood"
    },
    {
      "predicate": {
        "custom_model_data": 10013
      },
      "model": "itemsadder:item/demoniac_red_wings"
    },
    {
      "predicate": {
        "custom_model_data": 10014
      },
      "model": "itemsadder:item/demoniac_turquoise_wings"
    },
    {
      "predicate": {
        "custom_model_data": 10015
      },
      "model": "itemsadder:item/demoniac_purple_wings"
    },
    {
      "predicate": {
        "custom_model_data": 10016
      },
      "model": "itemsadder:item/demoniac_blue_wings"
    },
    {
      "predicate": {
        "custom_model_data": 10017
      },
      "model": "itemsadder:item/demoniac_black_wings"
    },
    {
      "predicate": {
        "custom_model_data": 10018
      },
      "model": "itemsadder:item/all_black_cat_tail"
    },
    {
      "predicate": {
        "custom_model_data": 10019
      },
      "model": "itemsadder:item/black_cat_tail"
    },
    {
      "predicate": {
        "custom_model_data": 10020
      },
      "model": "itemsadder:item/white_cat_tail"
    },
    {
      "predicate": {
        "custom_model_data": 10021
      },
      "model": "itemsadder:item/ender_dragon_wings"
    },
    {
      "predicate": {
        "custom_model_data": 10022
      },
      "model": "itemsadder:item/red_backpack"
    },
    {
      "predicate": {
        "custom_model_data": 10023
      },
      "model": "itemsadder:item/turquoise_backpack"
    },
    {
      "predicate": {
        "custom_model_data": 10024
      },
      "model": "itemsadder:item/purple_backpack"
    },
    {
      "predicate": {
        "custom_model_data": 10025
      },
      "model": "itemsadder:item/blue_backpack"
    },
    {
      "predicate": {
        "custom_model_data": 10026
      },
      "model": "itemsadder:item/black_backpack"
    },
    {
      "predicate": {
        "custom_model_data": 10027
      },
      "model": "itemsadder:item/brown_backpack"
    },
    {
      "predicate": {
        "custom_model_data": 10028
      },
      "model": "itemsadder:item/jack_o_lantern_backpack"
    },
    {
      "predicate": {
        "custom_model_data": 10029
      },
      "model": "itemsadder:item/dark_jack_o_lantern_backpack"
    },
    {
      "predicate": {
        "custom_model_data": 10030
      },
      "model": "itemsadder:item/spider_backpack"
    },
    {
      "predicate": {
        "custom_model_data": 10031
      },
      "model": "itemsadder:item/cave_spider_backpack"
    },
    {
      "predicate": {
        "custom_model_data": 10032
      },
      "model": "itemsadder:item/bones_backpack"
    },
    {
      "predicate": {
        "custom_model_data": 10033
      },
      "model": "itemsadder:item/witch_hat"
    },
    {
      "predicate": {
        "custom_model_data": 10034
      },
      "model": "itemsadder:item/bat_wings"
    },
    {
      "predicate": {
        "custom_model_data": 10035
      },
      "model": "itemsadder:item/axe_hat"
    },
    {
      "predicate": {
        "custom_model_data": 10036
      },
      "model": "itemsadder:item/santa_hat"
    },
    {
      "predicate": {
        "custom_model_data": 10037
      },
      "model": "minecraft:item/feather"
    }
  ]
}