{
  "parent": "item/handheld_rod",
  "textures": {
    "layer0": "item/fishing_rod"
  },
  "overrides": [
    {
      "predicate": {
        "cast": 1
      },
      "model": "item/fishing_rod_cast"
    },
    {
      "predicate": {
        "custom_model_data": 10000
      },
      "model": "itemsadder:auto_generated/black_fishing_rod"
    },
    {
      "predicate": {
        "cast": 1,
        "custom_model_data": 10000
      },
      "model": "itemsadder:auto_generated/black_fishing_rod_cast"
    },
    {
      "predicate": {
        "custom_model_data": 10001
      },
      "model": "itemsadder:auto_generated/red_fishing_rod"
    },
    {
      "predicate": {
        "cast": 1,
        "custom_model_data": 10001
      },
      "model": "itemsadder:auto_generated/red_fishing_rod_cast"
    },
    {
      "predicate": {
        "custom_model_data": 10002
      },
      "model": "itemsadder:auto_generated/green_fishing_rod"
    },
    {
      "predicate": {
        "cast": 1,
        "custom_model_data": 10002
      },
      "model": "itemsadder:auto_generated/green_fishing_rod_cast"
    },
    {
      "predicate": {
        "custom_model_data": 10003
      },
      "model": "itemsadder:auto_generated/blue_fishing_rod"
    },
    {
      "predicate": {
        "cast": 1,
        "custom_model_data": 10003
      },
      "model": "itemsadder:auto_generated/blue_fishing_rod_cast"
    },
    {
      "predicate": {
        "custom_model_data": 10004
      },
      "model": "itemsadder:auto_generated/purple_fishing_rod"
    },
    {
      "predicate": {
        "cast": 1,
        "custom_model_data": 10004
      },
      "model": "itemsadder:auto_generated/purple_fishing_rod_cast"
    },
    {
      "predicate": {
        "custom_model_data": 10005
      },
      "model": "itemsadder:auto_generated/cyan_fishing_rod"
    },
    {
      "predicate": {
        "cast": 1,
        "custom_model_data": 10005
      },
      "model": "itemsadder:auto_generated/cyan_fishing_rod_cast"
    },
    {
      "predicate": {
        "custom_model_data": 10006
      },
      "model": "minecraft:item/fishing_rod"
    }
  ]
}