{
  "parent": "minecraft:item/handheld",
  "textures": {
    "layer0": "minecraft:item/golden_sword"
  },
  "overrides": [
    {
      "predicate": {
        "custom_model_data": 10000
      },
      "model": "itemsadder:auto_generated/ruby_dagger"
    },
    {
      "predicate": {
        "custom_model_data": 10001
      },
      "model": "itemsadder:item/revolver"
    },
    {
      "predicate": {
        "custom_model_data": 10002
      },
      "model": "itemsadder:item/hand_gun"
    },
    {
      "predicate": {
        "custom_model_data": 10003
      },
      "model": "itemsadder:item/ak47"
    },
    {
      "predicate": {
        "custom_model_data": 10004
      },
      "model": "minecraft:item/golden_sword"
    }
  ]
}