{
  "parent": "minecraft:item/generated",
  "textures": {
    "layer0": "minecraft:item/iron_ingot"
  },
  "overrides": [
    {
      "predicate": {
        "custom_model_data": 10000
      },
      "model": "itemsadder:auto_generated/ruby"
    },
    {
      "predicate": {
        "custom_model_data": 10001
      },
      "model": "itemsadder:auto_generated/crystal"
    },
    {
      "predicate": {
        "custom_model_data": 10002
      },
      "model": "itemsadder:auto_generated/spinel"
    },
    {
      "predicate": {
        "custom_model_data": 10003
      },
      "model": "itemsadder:auto_generated/turquoise"
    },
    {
      "predicate": {
        "custom_model_data": 10004
      },
      "model": "itemsadder:auto_generated/aqua_aura"
    },
    {
      "predicate": {
        "custom_model_data": 10005
      },
      "model": "itemsadder:auto_generated/amethyst"
    },
    {
      "predicate": {
        "custom_model_data": 10006
      },
      "model": "itemsadder:auto_generated/amethyst_prism"
    },
    {
      "predicate": {
        "custom_model_data": 10007
      },
      "model": "itemsadder:auto_generated/fossil"
    },
    {
      "predicate": {
        "custom_model_data": 10008
      },
      "model": "itemsadder:auto_generated/bronze_ingot"
    },
    {
      "predicate": {
        "custom_model_data": 10009
      },
      "model": "itemsadder:auto_generated/mysterious_material"
    },
    {
      "predicate": {
        "custom_model_data": 10010
      },
      "model": "itemsadder:auto_generated/end_shard"
    },
    {
      "predicate": {
        "custom_model_data": 10011
      },
      "model": "itemsadder:auto_generated/end_crystals"
    },
    {
      "predicate": {
        "custom_model_data": 10012
      },
      "model": "itemsadder:auto_generated/end_ingot"
    },
    {
      "predicate": {
        "custom_model_data": 10013
      },
      "model": "itemsadder:auto_generated/knowledge_fragment"
    },
    {
      "predicate": {
        "custom_model_data": 10014
      },
      "model": "minecraft:item/iron_ingot"
    }
  ]
}