{
  "parent": "item/generated",
  "textures": {
    "layer0": "item/potion_overlay",
    "layer1": "item/potion"
  },
  "overrides": [
    {
      "predicate": {
        "custom_model_data": 10000
      },
      "model": "itemsadder:auto_generated/cola"
    },
    {
      "predicate": {
        "custom_model_data": 10001
      },
      "model": "itemsadder:auto_generated/hot_chocolate"
    },
    {
      "predicate": {
        "custom_model_data": 10002
      },
      "model": "itemsadder:auto_generated/coffee"
    },
    {
      "predicate": {
        "custom_model_data": 10003
      },
      "model": "itemsadder:auto_generated/diamonds_finder_potion"
    },
    {
      "predicate": {
        "custom_model_data": 10004
      },
      "model": "itemsadder:auto_generated/emeralds_finder_potion"
    },
    {
      "predicate": {
        "custom_model_data": 10005
      },
      "model": "itemsadder:auto_generated/strange_potion"
    },
    {
      "predicate": {
        "custom_model_data": 10006
      },
      "model": "itemsadder:auto_generated/antidote"
    },
    {
      "predicate": {
        "custom_model_data": 10007
      },
      "model": "itemsadder:auto_generated/bloody_mary"
    },
    {
      "predicate": {
        "custom_model_data": 10008
      },
      "model": "minecraft:item/potion"
    }
  ]
}